Report_Year,Report_Month,Crime_Count
2009,1,45
2009,2,38
2009,3,58
2009,4,54
2009,5,61
2009,6,60
2009,7,72
2009,8,61
2009,9,69
2009,10,53
2009,11,61
2009,12,58
2010,1,34
2010,2,42
2010,3,48
2010,4,46
2010,5,50
2010,6,55
2010,7,66
2010,8,64
2010,9,74
2010,10,56
2010,11,60
2010,12,55
2011,1,37
2011,2,49
2011,3,57
2011,4,56
2011,5,37
2011,6,80
2011,7,73
2011,8,59
2011,9,51
2011,10,47
2011,11,47
2011,12,52
2012,1,44
2012,2,46
2012,3,46
2012,4,50
2012,5,57
2012,6,62
2012,7,70
2012,8,60
2012,9,57
2012,10,68
2012,11,46
2012,12,62
2013,1,41
2013,2,54
2013,3,56
2013,4,39
2013,5,54
2013,6,51
2013,7,56
2013,8,53
2013,9,62
2013,10,50
2013,11,45
2013,12,40
2014,1,44
2014,2,35
2014,3,38
2014,4,45
2014,5,52
2014,6,52
2014,7,49
2014,8,39
2014,9,39
2014,10,58
2014,11,42
2014,12,45
2015,1,48
2015,2,38
2015,3,53
2015,4,38
2015,5,52
2015,6,53
2015,7,55
2015,8,56
2015,9,57
2015,10,66
2015,11,46
2015,12,39
2016,1,43
2016,2,39
2016,3,44
2016,4,52
2016,5,63
2016,6,56
2016,7,58
2016,8,39
2016,9,55
2016,10,40
2016,11,41
2016,12,41
2017,1,49
2017,2,38
2017,3,43
2017,4,47
2017,5,60
2017,6,42
2017,7,62
2017,8,43
2017,9,47
2017,10,55
2017,11,43
2017,12,43
2018,1,40
2018,2,55
2018,3,48
2018,4,43
2018,5,58
2018,6,53
2018,7,58
2018,8,41
2018,9,60
2018,10,55
2018,11,45
2018,12,59
2019,1,56
2019,2,48
2019,3,39
2019,4,57
2019,5,60
2019,6,55
2019,7,65
2019,8,61
2019,9,66
2019,10,45
2019,11,48
2019,12,41
2020,1,54
2020,2,60
2020,3,43
2020,4,31
2020,5,37
2020,6,62
2020,7,56
2020,8,72
2020,9,56
2020,10,49
2020,11,41
2020,12,45
2021,1,46
2021,2,40
2021,3,49
2021,4,65
2021,5,67
2021,6,53
2021,7,42
2021,8,74
2021,9,65
2021,10,64
2021,11,67
2021,12,59
2022,1,44
2022,2,46
2022,3,61
2022,4,52
2022,5,65
2022,6,72
2022,7,69
2022,8,67
2022,9,72
2022,10,68
2022,11,87
2022,12,67
2023,1,56
2023,2,80
2023,3,83
2023,4,88
2023,5,69
2023,6,80
2023,7,88
2023,8,79
2023,9,83
2023,10,92
2023,11,73
2023,12,96
2024,1,68
2024,2,71
2024,3,65
2024,4,77
2024,5,84
