Report_Year,Report_Month,Crime_Code,Crime_Count
2009,1,2,5
2009,1,3,8
2009,1,4,21
2009,1,5,10
2009,1,6,1
2009,2,2,3
2009,2,3,12
2009,2,4,10
2009,2,5,13
2009,3,2,5
2009,3,3,12
2009,3,4,31
2009,3,5,10
2009,4,2,3
2009,4,3,22
2009,4,4,19
2009,4,5,10
2009,5,3,17
2009,5,4,28
2009,5,5,16
2009,6,1,1
2009,6,3,12
2009,6,4,26
2009,6,5,20
2009,6,6,1
2009,7,2,2
2009,7,3,23
2009,7,4,28
2009,7,5,19
2009,8,2,6
2009,8,3,10
2009,8,4,21
2009,8,5,24
2009,9,1,1
2009,9,2,2
2009,9,3,18
2009,9,4,30
2009,9,5,18
2009,10,2,3
2009,10,3,16
2009,10,4,23
2009,10,5,11
2009,11,2,4
2009,11,3,20
2009,11,4,22
2009,11,5,15
2009,12,1,1
2009,12,2,5
2009,12,3,16
2009,12,4,27
2009,12,5,9
2010,1,2,3
2010,1,3,11
2010,1,4,7
2010,1,5,13
2010,2,2,6
2010,2,3,13
2010,2,4,13
2010,2,5,10
2010,3,1,1
2010,3,2,2
2010,3,3,10
2010,3,4,24
2010,3,5,11
2010,4,2,2
2010,4,3,8
2010,4,4,20
2010,4,5,16
2010,5,2,5
2010,5,3,17
2010,5,4,20
2010,5,5,8
2010,6,2,6
2010,6,3,14
2010,6,4,21
2010,6,5,14
2010,7,1,1
2010,7,2,5
2010,7,3,19
2010,7,4,21
2010,7,5,20
2010,8,1,2
2010,8,2,8
2010,8,3,12
2010,8,4,23
2010,8,5,19
2010,9,2,6
2010,9,3,20
2010,9,4,30
2010,9,5,18
2010,10,2,5
2010,10,3,19
2010,10,4,19
2010,10,5,13
2010,11,2,4
2010,11,3,19
2010,11,4,25
2010,11,5,12
2010,12,2,5
2010,12,3,18
2010,12,4,25
2010,12,5,7
2011,1,2,5
2011,1,3,15
2011,1,4,8
2011,1,5,9
2011,2,2,5
2011,2,3,13
2011,2,4,20
2011,2,5,11
2011,3,2,3
2011,3,3,18
2011,3,4,22
2011,3,5,13
2011,3,6,1
2011,4,2,2
2011,4,3,26
2011,4,4,19
2011,4,5,9
2011,5,2,2
2011,5,3,11
2011,5,4,13
2011,5,5,11
2011,6,2,4
2011,6,3,18
2011,6,4,37
2011,6,5,21
2011,7,1,1
2011,7,2,3
2011,7,3,25
2011,7,4,28
2011,7,5,16
2011,8,2,3
2011,8,3,17
2011,8,4,18
2011,8,5,21
2011,9,1,1
2011,9,2,1
2011,9,3,13
2011,9,4,13
2011,9,5,23
2011,10,2,4
2011,10,3,7
2011,10,4,19
2011,10,5,17
2011,11,1,1
2011,11,2,1
2011,11,3,8
2011,11,4,23
2011,11,5,14
2011,12,2,3
2011,12,3,13
2011,12,4,21
2011,12,5,14
2011,12,6,1
2012,1,2,3
2012,1,3,13
2012,1,4,18
2012,1,5,10
2012,2,2,3
2012,2,3,15
2012,2,4,17
2012,2,5,11
2012,3,1,1
2012,3,3,12
2012,3,4,18
2012,3,5,15
2012,4,2,3
2012,4,3,7
2012,4,4,22
2012,4,5,18
2012,5,2,6
2012,5,3,14
2012,5,4,21
2012,5,5,16
2012,6,2,6
2012,6,3,17
2012,6,4,24
2012,6,5,14
2012,6,6,1
2012,7,1,1
2012,7,2,4
2012,7,3,14
2012,7,4,35
2012,7,5,16
2012,8,2,6
2012,8,3,16
2012,8,4,26
2012,8,5,12
2012,9,2,5
2012,9,3,15
2012,9,4,21
2012,9,5,16
2012,10,2,6
2012,10,3,16
2012,10,4,26
2012,10,5,20
2012,11,2,3
2012,11,3,11
2012,11,4,23
2012,11,5,9
2012,12,2,4
2012,12,3,18
2012,12,4,21
2012,12,5,19
2013,1,2,5
2013,1,3,12
2013,1,4,15
2013,1,5,8
2013,1,6,1
2013,2,2,3
2013,2,3,19
2013,2,4,24
2013,2,5,8
2013,3,2,6
2013,3,3,13
2013,3,4,20
2013,3,5,17
2013,4,3,9
2013,4,4,19
2013,4,5,10
2013,4,6,1
2013,5,2,2
2013,5,3,19
2013,5,4,24
2013,5,5,9
2013,6,2,4
2013,6,3,11
2013,6,4,22
2013,6,5,14
2013,7,2,2
2013,7,3,16
2013,7,4,25
2013,7,5,13
2013,8,2,5
2013,8,3,9
2013,8,4,28
2013,8,5,11
2013,9,2,7
2013,9,3,20
2013,9,4,22
2013,9,5,13
2013,10,2,3
2013,10,3,17
2013,10,4,17
2013,10,5,13
2013,11,2,5
2013,11,3,16
2013,11,4,17
2013,11,5,7
2013,12,2,3
2013,12,3,10
2013,12,4,21
2013,12,5,6
2014,1,2,7
2014,1,3,9
2014,1,4,21
2014,1,5,7
2014,2,2,2
2014,2,3,10
2014,2,4,17
2014,2,5,5
2014,2,6,1
2014,3,2,1
2014,3,3,9
2014,3,4,21
2014,3,5,7
2014,4,1,1
2014,4,2,1
2014,4,3,12
2014,4,4,24
2014,4,5,7
2014,5,2,2
2014,5,3,7
2014,5,4,28
2014,5,5,15
2014,6,1,1
2014,6,2,2
2014,6,3,13
2014,6,4,23
2014,6,5,13
2014,7,1,1
2014,7,2,4
2014,7,3,11
2014,7,4,26
2014,7,5,6
2014,7,6,1
2014,8,2,5
2014,8,3,10
2014,8,4,17
2014,8,5,7
2014,9,2,1
2014,9,3,9
2014,9,4,14
2014,9,5,15
2014,10,2,9
2014,10,3,14
2014,10,4,22
2014,10,5,13
2014,11,2,13
2014,11,3,5
2014,11,4,18
2014,11,5,6
2014,12,2,11
2014,12,3,10
2014,12,4,12
2014,12,5,12
2015,1,2,12
2015,1,3,7
2015,1,4,19
2015,1,5,10
2015,2,2,2
2015,2,3,17
2015,2,4,12
2015,2,5,7
2015,3,2,3
2015,3,3,18
2015,3,4,23
2015,3,5,9
2015,4,3,11
2015,4,4,15
2015,4,5,11
2015,4,6,1
2015,5,2,5
2015,5,3,9
2015,5,4,27
2015,5,5,11
2015,6,2,3
2015,6,3,17
2015,6,4,23
2015,6,5,10
2015,7,2,6
2015,7,3,7
2015,7,4,32
2015,7,5,10
2015,8,2,1
2015,8,3,15
2015,8,4,23
2015,8,5,16
2015,8,6,1
2015,9,2,5
2015,9,3,12
2015,9,4,25
2015,9,5,14
2015,9,6,1
2015,10,2,5
2015,10,3,18
2015,10,4,25
2015,10,5,18
2015,11,3,17
2015,11,4,23
2015,11,5,6
2015,12,2,3
2015,12,3,11
2015,12,4,16
2015,12,5,9
2016,1,2,4
2016,1,3,19
2016,1,4,12
2016,1,5,8
2016,2,2,3
2016,2,3,13
2016,2,4,18
2016,2,5,5
2016,3,2,4
2016,3,3,12
2016,3,4,19
2016,3,5,8
2016,3,6,1
2016,4,2,5
2016,4,3,10
2016,4,4,24
2016,4,5,13
2016,5,2,6
2016,5,3,10
2016,5,4,34
2016,5,5,13
2016,6,2,3
2016,6,3,19
2016,6,4,18
2016,6,5,15
2016,6,6,1
2016,7,2,2
2016,7,3,12
2016,7,4,31
2016,7,5,13
2016,8,3,14
2016,8,4,16
2016,8,5,9
2016,9,3,9
2016,9,4,36
2016,9,5,10
2016,10,2,1
2016,10,3,14
2016,10,4,20
2016,10,5,5
2016,11,2,4
2016,11,3,8
2016,11,4,21
2016,11,5,8
2016,12,2,2
2016,12,3,15
2016,12,4,19
2016,12,5,5
2017,1,3,14
2017,1,4,19
2017,1,5,16
2017,2,2,2
2017,2,3,16
2017,2,4,15
2017,2,5,5
2017,3,2,2
2017,3,3,10
2017,3,4,20
2017,3,5,11
2017,4,2,3
2017,4,3,9
2017,4,4,26
2017,4,5,9
2017,5,2,5
2017,5,3,17
2017,5,4,24
2017,5,5,14
2017,6,3,7
2017,6,4,24
2017,6,5,11
2017,7,2,4
2017,7,3,25
2017,7,4,24
2017,7,5,9
2017,8,2,1
2017,8,3,6
2017,8,4,24
2017,8,5,12
2017,9,2,6
2017,9,3,9
2017,9,4,19
2017,9,5,13
2017,10,2,2
2017,10,3,15
2017,10,4,26
2017,10,5,11
2017,10,6,1
2017,11,2,2
2017,11,3,4
2017,11,4,28
2017,11,5,8
2017,11,6,1
2017,12,2,2
2017,12,3,9
2017,12,4,24
2017,12,5,8
2018,1,1,1
2018,1,2,3
2018,1,3,12
2018,1,4,14
2018,1,5,10
2018,2,1,3
2018,2,2,3
2018,2,3,12
2018,2,4,30
2018,2,5,7
2018,3,1,1
2018,3,2,3
2018,3,3,12
2018,3,4,26
2018,3,5,6
2018,4,1,2
2018,4,2,1
2018,4,3,20
2018,4,4,14
2018,4,5,6
2018,5,2,3
2018,5,3,13
2018,5,4,28
2018,5,5,14
2018,6,1,2
2018,6,2,3
2018,6,3,11
2018,6,4,22
2018,6,5,15
2018,7,2,2
2018,7,3,18
2018,7,4,20
2018,7,5,17
2018,7,6,1
2018,8,2,5
2018,8,3,15
2018,8,4,18
2018,8,5,3
2018,9,2,5
2018,9,3,15
2018,9,4,27
2018,9,5,13
2018,10,2,5
2018,10,3,13
2018,10,4,21
2018,10,5,16
2018,11,2,2
2018,11,3,8
2018,11,4,25
2018,11,5,10
2018,12,2,13
2018,12,3,22
2018,12,4,15
2018,12,5,9
2019,1,1,1
2019,1,2,7
2019,1,3,16
2019,1,4,17
2019,1,5,14
2019,1,6,1
2019,2,1,1
2019,2,2,8
2019,2,3,11
2019,2,4,24
2019,2,5,4
2019,3,2,5
2019,3,3,13
2019,3,4,13
2019,3,5,8
2019,4,2,6
2019,4,3,14
2019,4,4,21
2019,4,5,16
2019,5,1,1
2019,5,2,2
2019,5,3,18
2019,5,4,26
2019,5,5,13
2019,6,2,3
2019,6,3,14
2019,6,4,21
2019,6,5,17
2019,7,1,1
2019,7,2,2
2019,7,3,16
2019,7,4,33
2019,7,5,13
2019,8,1,1
2019,8,2,3
2019,8,3,17
2019,8,4,25
2019,8,5,15
2019,9,2,7
2019,9,3,13
2019,9,4,32
2019,9,5,14
2019,10,2,1
2019,10,3,16
2019,10,4,13
2019,10,5,15
2019,11,2,1
2019,11,3,12
2019,11,4,25
2019,11,5,10
2019,12,2,6
2019,12,3,11
2019,12,4,15
2019,12,5,9
2020,1,2,4
2020,1,3,18
2020,1,4,22
2020,1,5,10
2020,2,2,5
2020,2,3,17
2020,2,4,24
2020,2,5,14
2020,3,2,6
2020,3,3,10
2020,3,4,17
2020,3,5,10
2020,4,2,2
2020,4,3,5
2020,4,4,13
2020,4,5,10
2020,4,6,1
2020,5,2,2
2020,5,3,16
2020,5,4,10
2020,5,5,9
2020,6,2,6
2020,6,3,20
2020,6,4,19
2020,6,5,17
2020,7,1,1
2020,7,2,4
2020,7,3,19
2020,7,4,19
2020,7,5,13
2020,8,2,6
2020,8,3,15
2020,8,4,33
2020,8,5,18
2020,9,2,4
2020,9,3,17
2020,9,4,24
2020,9,5,11
2020,10,2,7
2020,10,3,14
2020,10,4,15
2020,10,5,13
2020,11,2,3
2020,11,3,15
2020,11,4,16
2020,11,5,7
2020,12,2,2
2020,12,3,13
2020,12,4,21
2020,12,5,9
2021,1,2,3
2021,1,3,11
2021,1,4,20
2021,1,5,12
2021,2,2,2
2021,2,3,14
2021,2,4,9
2021,2,5,15
2021,3,2,6
2021,3,3,13
2021,3,4,15
2021,3,5,14
2021,3,6,1
2021,4,1,1
2021,4,2,6
2021,4,3,22
2021,4,4,23
2021,4,5,13
2021,5,1,1
2021,5,2,8
2021,5,3,19
2021,5,4,26
2021,5,5,13
2021,6,1,1
2021,6,2,4
2021,6,3,12
2021,6,4,23
2021,6,5,13
2021,7,2,4
2021,7,3,11
2021,7,4,18
2021,7,5,9
2021,8,2,4
2021,8,3,18
2021,8,4,31
2021,8,5,21
2021,9,2,1
2021,9,3,23
2021,9,4,29
2021,9,5,12
2021,10,2,4
2021,10,3,20
2021,10,4,25
2021,10,5,15
2021,11,2,10
2021,11,3,23
2021,11,4,19
2021,11,5,15
2021,12,2,3
2021,12,3,20
2021,12,4,23
2021,12,5,13
2022,1,2,3
2022,1,3,11
2022,1,4,20
2022,1,5,10
2022,2,2,2
2022,2,3,10
2022,2,4,25
2022,2,5,9
2022,3,2,3
2022,3,3,18
2022,3,4,26
2022,3,5,14
2022,4,2,7
2022,4,3,17
2022,4,4,16
2022,4,5,12
2022,5,2,2
2022,5,3,26
2022,5,4,20
2022,5,5,17
2022,6,2,3
2022,6,3,23
2022,6,4,21
2022,6,5,25
2022,7,2,6
2022,7,3,14
2022,7,4,26
2022,7,5,23
2022,8,1,1
2022,8,2,5
2022,8,3,14
2022,8,4,27
2022,8,5,20
2022,9,2,3
2022,9,3,15
2022,9,4,32
2022,9,5,22
2022,10,2,3
2022,10,3,19
2022,10,4,30
2022,10,5,16
2022,11,1,1
2022,11,2,3
2022,11,3,25
2022,11,4,39
2022,11,5,19
2022,12,2,5
2022,12,3,22
2022,12,4,23
2022,12,5,17
2023,1,2,7
2023,1,3,12
2023,1,4,25
2023,1,5,12
2023,2,2,10
2023,2,3,22
2023,2,4,31
2023,2,5,17
2023,3,3,19
2023,3,4,40
2023,3,5,24
2023,4,1,2
2023,4,2,6
2023,4,3,24
2023,4,4,39
2023,4,5,17
2023,5,2,2
2023,5,3,20
2023,5,4,23
2023,5,5,24
2023,6,2,7
2023,6,3,25
2023,6,4,27
2023,6,5,21
2023,7,2,6
2023,7,3,26
2023,7,4,37
2023,7,5,19
2023,8,2,4
2023,8,3,19
2023,8,4,38
2023,8,5,18
2023,9,2,8
2023,9,3,19
2023,9,4,35
2023,9,5,21
2023,10,1,1
2023,10,2,8
2023,10,3,18
2023,10,4,37
2023,10,5,28
2023,11,1,1
2023,11,2,3
2023,11,3,21
2023,11,4,29
2023,11,5,18
2023,11,6,1
2023,12,2,8
2023,12,3,24
2023,12,4,40
2023,12,5,24
2024,1,1,1
2024,1,2,11
2024,1,3,23
2024,1,4,22
2024,1,5,11
2024,2,2,9
2024,2,3,29
2024,2,4,26
2024,2,5,7
2024,3,1,1
2024,3,2,3
2024,3,3,20
2024,3,4,29
2024,3,5,12
2024,4,2,5
2024,4,3,21
2024,4,4,27
2024,4,5,24
2024,5,2,9
2024,5,3,29
2024,5,4,28
2024,5,5,18
